template_id,n,accuracy,balanced_accuracy,f1,auc
0,177,0.4689265536723164,0.46887109274089384,0.44047619047619047,0.47649186256781195
1,212,0.45754716981132076,0.4619642857142857,0.484304932735426,0.4388392857142857
2,188,0.4946808510638298,0.4932088285229202,0.5581395348837209,0.4181097906055461
3,176,0.5625,0.5524005851842,0.6206896551724138,0.5172230349780557
4,174,0.4942528735632184,0.4950429610046266,0.5056179775280899,0.4871116986120291
5,188,0.4946808510638298,0.4927536231884058,0.5410628019323671,0.47984601449275366
6,205,0.551219512195122,0.5504093678598629,0.5208333333333334,0.5908225437928408
7,180,0.4888888888888889,0.4886911383018169,0.4772727272727273,0.48362377950809543
