activation_space,linear_probe_accuracy,linear_probe_balanced_accuracy,linear_probe_auc
h2_post_relu,0.5013333333333333,0.5015680446021575,0.48666628739661927
pre_h3_linear,0.49666666666666665,0.49680524246023,0.4720027591895947
h3_post_relu,0.964,0.9641483135520299,0.9944602868703821
