k,cluster_sizes,inertia
2,"371,375",517.8775634765625
3,"183,243,320",416.32220458984375
4,"180,190,143,233",368.88092041015625
5,"112,196,120,174,144",339.860107421875
6,"150,144,115,79,148,110",313.8396301269531
8,"100,88,75,67,93,124,112,87",275.1727600097656
