group,n,mean,std,p05,p25,median,p75,p95
country,746,-0.0017441235326087184,0.2522909171250115,-0.09088997956715487,-0.03328626408216203,0.007858798607053638,0.046920452374698864,0.1149234639832337
non_country,754,-0.01803631463253736,0.29298209086618054,-0.24250323670443003,-0.05249162262605452,0.011161268535554806,0.07994793948206916,0.1806961556546292
auc,1500,0.48666628739661927,,,,,,
