test,accuracy,balanced_accuracy,auc
flower_decoder,0.9633333333333334,0.9634709609517782,0.9900939404498617
linear_probe_on_z,0.9606666666666667,0.9608184410578791,0.9910130777053213
degree4_probe_on_z,0.9593333333333334,0.9594992924243179,0.9882254428570413
rbf_probe_on_z,0.9646666666666667,0.9647972208987278,0.9912921967558189
