test,accuracy,balanced_accuracy,auc
flower_decoder_hard_sector,0.962,0.9621375896914401,0.96213758969144
linear_probe_on_flower_z,0.4886666666666667,0.4886130094367128,0.49415183365215726
degree4_probe_on_flower_z,0.962,0.9621375896914401,0.9647732202160417
rbf_probe_on_flower_z,0.962,0.9621375896914401,0.9610628924556075
linear_probe_on_ideal_flower,0.492,0.49190021405053297,0.5008142453829798
